artist,festival
0,Glastonbury 2022
0,Glastonbury 2022
0,Glastonbury 2022
0,Glastonbury 2022
0,Glastonbury 2022
0,Glastonbury 2022
0,Glastonbury 2022
0,Glastonbury 2022
0,Glastonbury 2022
0,Glastonbury 2022
0,Glastonbury 2022
0,Glastonbury 2022
0,Glastonbury 2022
0,Glastonbury 2022
0,Glastonbury 2022
0,Glastonbury 2022
0,Glastonbury 2022
0,Glastonbury 2022
0,Glastonbury 2022
0,Glastonbury 2022
0,Glastonbury 2022
0,Glastonbury 2022
0,Glastonbury 2022
0,Glastonbury 2022
0,Glastonbury 2022
0,Glastonbury 2022
0,Glastonbury 2022
0,Glastonbury 2022
0,Glastonbury 2022
0,Glastonbury 2022
0,Glastonbury 2022
0,Glastonbury 2022
0,Glastonbury 2022
0,Glastonbury 2022
0,Glastonbury 2022
0,Glastonbury 2022
0,Glastonbury 2022
0,Glastonbury 2022
0,Glastonbury 2022
0,Glastonbury 2022
0,Glastonbury 2022
0,Glastonbury 2022
0,Glastonbury 2022
0,Glastonbury 2022
0,Glastonbury 2022
0,Glastonbury 2022
0,Glastonbury 2022
0,Glastonbury 2022
0,Glastonbury 2022
0,Glastonbury 2022
0,Glastonbury 2022
0,Glastonbury 2022
0,Glastonbury 2022
0,Glastonbury 2022
0,Glastonbury 2022
0,Glastonbury 2022
0,Glastonbury 2022
0,Glastonbury 2022
0,Glastonbury 2022
0,Glastonbury 2022
0,Glastonbury 2022
0,Glastonbury 2022
0,Glastonbury 2022
0,Glastonbury 2022
0,Glastonbury 2022
0,Glastonbury 2022
0,Glastonbury 2022
0,Glastonbury 2022
0,Glastonbury 2022
0,Glastonbury 2022
0,Glastonbury 2022
0,Glastonbury 2022
0,Glastonbury 2022
0,Glastonbury 2022
0,Glastonbury 2022
0,Glastonbury 2022
0,Glastonbury 2022
0,Glastonbury 2022
0,Glastonbury 2022
0,Glastonbury 2022
0,Glastonbury 2022
0,Glastonbury 2022
0,Glastonbury 2022
0,Glastonbury 2022
0,Glastonbury 2022
0,Glastonbury 2022
0,Glastonbury 2022
0,Glastonbury 2022
0,Glastonbury 2022
0,Glastonbury 2022
0,Glastonbury 2022
0,Glastonbury 2022
0,Glastonbury 2022
0,Glastonbury 2022
0,Glastonbury 2022
0,Glastonbury 2022
0,Glastonbury 2022
0,Glastonbury 2022
0,Glastonbury 2022
0,Glastonbury 2022
0,Glastonbury 2022
0,Glastonbury 2022
0,Glastonbury 2022
0,Glastonbury 2022
0,Glastonbury 2022
0,Glastonbury 2022
0,Glastonbury 2022
0,Glastonbury 2022
0,Glastonbury 2022
0,Glastonbury 2022
0,Glastonbury 2022
0,Glastonbury 2022
0,Glastonbury 2022
0,Glastonbury 2022
0,Glastonbury 2022
0,Glastonbury 2022
0,Glastonbury 2022
0,Glastonbury 2022
0,Glastonbury 2022
0,Glastonbury 2022
0,Glastonbury 2022
0,Glastonbury 2022
0,Glastonbury 2022
0,Glastonbury 2022
0,Glastonbury 2022
0,Glastonbury 2022
0,Glastonbury 2022
0,Glastonbury 2022
0,Glastonbury 2022
0,Glastonbury 2022
0,Glastonbury 2022
0,Glastonbury 2022
0,Glastonbury 2022
0,Glastonbury 2022
0,Glastonbury 2022
0,Glastonbury 2022
0,Glastonbury 2022
0,Glastonbury 2022
0,Glastonbury 2022
0,Glastonbury 2022
0,Glastonbury 2022
0,Glastonbury 2022
0,Glastonbury 2022
0,Glastonbury 2022
0,Glastonbury 2022
0,Glastonbury 2022
0,Glastonbury 2022
0,Glastonbury 2022
0,Glastonbury 2022
0,Glastonbury 2022
0,Glastonbury 2022
0,Glastonbury 2022
0,Glastonbury 2022
0,Glastonbury 2022
0,Glastonbury 2022
0,Glastonbury 2022
0,Glastonbury 2022
0,Glastonbury 2022
0,Glastonbury 2022
0,Glastonbury 2022
0,Glastonbury 2022
0,Glastonbury 2022
0,Glastonbury 2022
0,Glastonbury 2022
0,Glastonbury 2022
0,Glastonbury 2022
0,Glastonbury 2022
0,Glastonbury 2022
0,Glastonbury 2022
0,Glastonbury 2022
0,Glastonbury 2022
0,Glastonbury 2022
0,Glastonbury 2022
0,Glastonbury 2022
0,Glastonbury 2022
0,Glastonbury 2022
0,Glastonbury 2022
0,Glastonbury 2022
0,Glastonbury 2022
0,Glastonbury 2022
0,Glastonbury 2022
0,Glastonbury 2022
0,Glastonbury 2022
0,Glastonbury 2022
0,Glastonbury 2022
0,Glastonbury 2022
0,Glastonbury 2022
0,Glastonbury 2022
0,Glastonbury 2022
0,Glastonbury 2022
0,Glastonbury 2022
0,Glastonbury 2022
0,Glastonbury 2022
0,Glastonbury 2022
0,Glastonbury 2022
0,Glastonbury 2022
0,Glastonbury 2022
0,Glastonbury 2022
0,Glastonbury 2022
0,Glastonbury 2022
0,Glastonbury 2022
0,Glastonbury 2022
0,Glastonbury 2022
0,Glastonbury 2022
0,Glastonbury 2022
0,Glastonbury 2022
0,Glastonbury 2022
0,Glastonbury 2022
0,Glastonbury 2022
0,Glastonbury 2022
0,Glastonbury 2022
0,Glastonbury 2022
0,Glastonbury 2022
0,Glastonbury 2022
0,Glastonbury 2022
0,Glastonbury 2022
0,Glastonbury 2022
0,Glastonbury 2022
0,Glastonbury 2022
0,Glastonbury 2022
0,Glastonbury 2022
0,Glastonbury 2022
0,Glastonbury 2022
0,Glastonbury 2022
0,Glastonbury 2022
0,Glastonbury 2022
0,Glastonbury 2022
0,Glastonbury 2022
0,Glastonbury 2022
0,Glastonbury 2022
0,Glastonbury 2022
0,Glastonbury 2022
0,Glastonbury 2022
0,Glastonbury 2022
0,Glastonbury 2022
0,Glastonbury 2022
0,Glastonbury 2022
0,Glastonbury 2022
0,Glastonbury 2022
0,Glastonbury 2022
0,Glastonbury 2022
0,Glastonbury 2022
0,Glastonbury 2022
1,Glastonbury 2022
0,Glastonbury 2022
0,Glastonbury 2022
0,Glastonbury 2022
0,Glastonbury 2022
0,Glastonbury 2022
0,Glastonbury 2022
0,Glastonbury 2022
0,Glastonbury 2022
0,Glastonbury 2022
0,Glastonbury 2022
0,Glastonbury 2022
0,Glastonbury 2022
0,Glastonbury 2022
0,Glastonbury 2022
0,Glastonbury 2022
0,Glastonbury 2022
0,Glastonbury 2022
0,Glastonbury 2022
0,Glastonbury 2022
0,Glastonbury 2022
0,Glastonbury 2022
0,Glastonbury 2022
0,Glastonbury 2022
0,Glastonbury 2022
0,Glastonbury 2022
0,Glastonbury 2022
0,Glastonbury 2022
0,Glastonbury 2022
0,Glastonbury 2022
0,Glastonbury 2022
0,Glastonbury 2022
0,Glastonbury 2022
0,Glastonbury 2022
0,Glastonbury 2022
0,Glastonbury 2022
0,Glastonbury 2022
0,Glastonbury 2022
0,Glastonbury 2022
0,Glastonbury 2022
0,Glastonbury 2022
0,Glastonbury 2022
0,Glastonbury 2022
0,Glastonbury 2022
0,Glastonbury 2022
0,Glastonbury 2022
0,Glastonbury 2022
0,Glastonbury 2022
0,Glastonbury 2022
0,Glastonbury 2022
0,Glastonbury 2022
0,Glastonbury 2022
0,Glastonbury 2022
0,Glastonbury 2022
0,Glastonbury 2022
0,Glastonbury 2022
0,Glastonbury 2022
0,Glastonbury 2022
0,Glastonbury 2022
0,Glastonbury 2022
0,Glastonbury 2022
0,Glastonbury 2022
0,Glastonbury 2022
0,Glastonbury 2022
0,Glastonbury 2022
0,Glastonbury 2022
0,Glastonbury 2022
0,Glastonbury 2022
0,Glastonbury 2022
0,Glastonbury 2022
0,Glastonbury 2022
0,Glastonbury 2022
0,Glastonbury 2022
0,Glastonbury 2022
0,Glastonbury 2022
0,Glastonbury 2022
0,Glastonbury 2022
0,Glastonbury 2022
0,Glastonbury 2022
0,Glastonbury 2022
0,Glastonbury 2022
0,Glastonbury 2022
0,Glastonbury 2022
0,Glastonbury 2022
0,Glastonbury 2022
0,Glastonbury 2022
0,Glastonbury 2022
0,Glastonbury 2022
0,Glastonbury 2022
0,Glastonbury 2022
0,Glastonbury 2022
0,Glastonbury 2022
0,Glastonbury 2022
0,Glastonbury 2022
0,Glastonbury 2022
0,Glastonbury 2022
0,Glastonbury 2022
0,Glastonbury 2022
0,Glastonbury 2022
0,Glastonbury 2022
0,Glastonbury 2022
0,Glastonbury 2022
0,Glastonbury 2022
0,Glastonbury 2022
0,Glastonbury 2022
0,Glastonbury 2022
0,Glastonbury 2022
0,Glastonbury 2022
0,Glastonbury 2022
0,Glastonbury 2022
0,Glastonbury 2022
0,Glastonbury 2022
0,Glastonbury 2022
0,Glastonbury 2022
0,Glastonbury 2022
0,Glastonbury 2022
0,Glastonbury 2022
0,Glastonbury 2022
0,Glastonbury 2022
0,Glastonbury 2022
0,Glastonbury 2022
0,Glastonbury 2022
0,Glastonbury 2022
0,Glastonbury 2022
0,Glastonbury 2022
0,Glastonbury 2022
0,Glastonbury 2022
0,Glastonbury 2022
0,Glastonbury 2022
0,Glastonbury 2022
0,Glastonbury 2022
0,Glastonbury 2022
0,Glastonbury 2022
0,Glastonbury 2022
0,Glastonbury 2022
0,Glastonbury 2022
0,Glastonbury 2022
0,Glastonbury 2022
0,Glastonbury 2022
1,Glastonbury 2022
0,Glastonbury 2022
0,Glastonbury 2022
0,Glastonbury 2022
0,Glastonbury 2022
0,Glastonbury 2022
0,Glastonbury 2022
0,Glastonbury 2022
0,Glastonbury 2022
0,Glastonbury 2022
0,Glastonbury 2022
0,Glastonbury 2022
0,Glastonbury 2022
0,Glastonbury 2022
0,Glastonbury 2022
0,Glastonbury 2022
0,Glastonbury 2022
0,Glastonbury 2022
0,Glastonbury 2022
0,Glastonbury 2022
0,Glastonbury 2022
0,Glastonbury 2022
0,Glastonbury 2022
0,Glastonbury 2022
0,Glastonbury 2022
0,Glastonbury 2022
0,Glastonbury 2022
0,Glastonbury 2022
0,Glastonbury 2022
0,Glastonbury 2022
0,Glastonbury 2022
0,Glastonbury 2022
0,Glastonbury 2022
0,Glastonbury 2022
0,Glastonbury 2022
0,Glastonbury 2022
0,Glastonbury 2022
0,Glastonbury 2022
0,Glastonbury 2022
0,Glastonbury 2022
0,Glastonbury 2022
0,Glastonbury 2022
0,Glastonbury 2022
0,Glastonbury 2022
0,Glastonbury 2022
0,Glastonbury 2022
0,Glastonbury 2022
0,Glastonbury 2022
0,Glastonbury 2022
0,Glastonbury 2022
0,Glastonbury 2022
0,Glastonbury 2022
0,Glastonbury 2022
0,Glastonbury 2022
0,Glastonbury 2022
0,Glastonbury 2022
0,Glastonbury 2022
0,Glastonbury 2022
0,Glastonbury 2022
0,Glastonbury 2022
0,Glastonbury 2022
0,Glastonbury 2022
0,Glastonbury 2022
0,Glastonbury 2022
0,Glastonbury 2022
0,Glastonbury 2022
0,Glastonbury 2022
0,Glastonbury 2022
0,Glastonbury 2022
1,Glastonbury 2022
0,Glastonbury 2022
0,Glastonbury 2022
0,Glastonbury 2022
0,Glastonbury 2022
0,Glastonbury 2022
0,Glastonbury 2022
0,Glastonbury 2022
0,Glastonbury 2022
0,Glastonbury 2022
0,Glastonbury 2022
0,Glastonbury 2022
0,Glastonbury 2022
0,Glastonbury 2022
0,Glastonbury 2022
0,Glastonbury 2022
0,Glastonbury 2022
0,Glastonbury 2022
0,Glastonbury 2022
0,Glastonbury 2022
0,Glastonbury 2022
0,Glastonbury 2022
0,Glastonbury 2022
0,Glastonbury 2022
0,Glastonbury 2022
0,Glastonbury 2022
0,Glastonbury 2022
0,Glastonbury 2022
0,Glastonbury 2022
0,Glastonbury 2022
0,Glastonbury 2022
0,Glastonbury 2022
0,Glastonbury 2022
0,Glastonbury 2022
0,Glastonbury 2022
0,Glastonbury 2022
0,Glastonbury 2022
0,Glastonbury 2022
0,Glastonbury 2022
0,Glastonbury 2022
0,Glastonbury 2022
0,Glastonbury 2022
0,Glastonbury 2022
0,Glastonbury 2022
0,Glastonbury 2022
0,Glastonbury 2022
0,Glastonbury 2022
0,Glastonbury 2022
0,Glastonbury 2022
0,Glastonbury 2022
0,Glastonbury 2022
0,Glastonbury 2022
0,Glastonbury 2022
0,Glastonbury 2022
0,Glastonbury 2022
0,Glastonbury 2022
0,Glastonbury 2022
0,Glastonbury 2022
0,Glastonbury 2022
0,Glastonbury 2022
0,Glastonbury 2022
0,Glastonbury 2022
0,Glastonbury 2022
0,Glastonbury 2022
0,Glastonbury 2022
0,Glastonbury 2022
0,Glastonbury 2022
0,Glastonbury 2022
0,Glastonbury 2022
0,Glastonbury 2022
0,Glastonbury 2022
0,Glastonbury 2022
0,Glastonbury 2022
0,Glastonbury 2022
0,Glastonbury 2022
0,Glastonbury 2022
0,Glastonbury 2022
0,Glastonbury 2022
0,Glastonbury 2022
0,Glastonbury 2022
0,Glastonbury 2022
0,Glastonbury 2022
0,Glastonbury 2022
0,Glastonbury 2022
0,Glastonbury 2022
0,Glastonbury 2022
0,Glastonbury 2022
0,Glastonbury 2022
0,Glastonbury 2022
0,Glastonbury 2022
0,Glastonbury 2022
0,Glastonbury 2022
0,Glastonbury 2022
0,Glastonbury 2022
0,Glastonbury 2022
0,Glastonbury 2022
0,Glastonbury 2022
0,Glastonbury 2022
0,Glastonbury 2022
0,Glastonbury 2022
0,Glastonbury 2022
0,Glastonbury 2022
0,Glastonbury 2022
0,Glastonbury 2022
0,Glastonbury 2022
0,Glastonbury 2022
0,Glastonbury 2022
0,Glastonbury 2022
0,Glastonbury 2022
0,Glastonbury 2022
0,Glastonbury 2022
0,Glastonbury 2022
0,Glastonbury 2022
0,Glastonbury 2022
0,Glastonbury 2022
0,Glastonbury 2022
0,Glastonbury 2022
0,Glastonbury 2022
0,Glastonbury 2022
0,Glastonbury 2022
0,Glastonbury 2022
0,Glastonbury 2022
0,Glastonbury 2022
0,Glastonbury 2022
0,Glastonbury 2022
0,Glastonbury 2022
0,Glastonbury 2022
0,Glastonbury 2022
0,Glastonbury 2022
0,Glastonbury 2022
0,Glastonbury 2022
0,Glastonbury 2022
0,Glastonbury 2022
0,Glastonbury 2022
0,Glastonbury 2022
0,Glastonbury 2022
0,Glastonbury 2022
0,Glastonbury 2022
0,Glastonbury 2022
0,Glastonbury 2022
0,Glastonbury 2022
0,Glastonbury 2022
0,Glastonbury 2022
0,Glastonbury 2022
0,Glastonbury 2022
0,Glastonbury 2022
0,Glastonbury 2022
0,Glastonbury 2022
0,Glastonbury 2022
0,Glastonbury 2022
0,Glastonbury 2022
0,Glastonbury 2022
0,Glastonbury 2022
0,Glastonbury 2022
0,Glastonbury 2022
0,Glastonbury 2022
0,Glastonbury 2022
0,Glastonbury 2022
0,Glastonbury 2022
0,Glastonbury 2022
0,Glastonbury 2022
0,Glastonbury 2022
0,Glastonbury 2022
0,Glastonbury 2022
0,Glastonbury 2022
0,Glastonbury 2022
0,Glastonbury 2022
0,Glastonbury 2022
0,Glastonbury 2022
0,Glastonbury 2022
0,Glastonbury 2022
0,Glastonbury 2022
0,Glastonbury 2022
0,Glastonbury 2022
0,Glastonbury 2022
0,Glastonbury 2022
0,Glastonbury 2022
0,Glastonbury 2022
0,Glastonbury 2022
0,Glastonbury 2022
0,Glastonbury 2022
0,Glastonbury 2022
0,Glastonbury 2022
0,Glastonbury 2022
0,Glastonbury 2022
0,Glastonbury 2022
0,Glastonbury 2022
0,Glastonbury 2022
0,Glastonbury 2022
0,Glastonbury 2022
0,Glastonbury 2022
0,Glastonbury 2022
0,Glastonbury 2022
0,Glastonbury 2022
0,Glastonbury 2022
0,Glastonbury 2022
0,Glastonbury 2022
0,Glastonbury 2022
0,Glastonbury 2022
0,Glastonbury 2022
0,Glastonbury 2022
0,Glastonbury 2022
0,Glastonbury 2022
0,Glastonbury 2022
0,Glastonbury 2022
0,Glastonbury 2022
0,Glastonbury 2022
0,Glastonbury 2022
0,Glastonbury 2022
0,Glastonbury 2022
0,Glastonbury 2022
0,Glastonbury 2022
0,Glastonbury 2022
0,Glastonbury 2022
0,Glastonbury 2022
0,Glastonbury 2022
0,Glastonbury 2022
0,Glastonbury 2022
0,Glastonbury 2022
0,Glastonbury 2022
0,Glastonbury 2022
0,Glastonbury 2022
0,Glastonbury 2022
0,Glastonbury 2022
0,Glastonbury 2022
0,Glastonbury 2022
0,Glastonbury 2022
0,Glastonbury 2022
0,Glastonbury 2022
0,Glastonbury 2022
0,Glastonbury 2022
0,Glastonbury 2022
0,Glastonbury 2022
0,Glastonbury 2022
0,Glastonbury 2022
0,Glastonbury 2022
0,Glastonbury 2022
0,Glastonbury 2022
0,Glastonbury 2022
0,Glastonbury 2022
0,Glastonbury 2022
0,Glastonbury 2022
0,Glastonbury 2022
0,Glastonbury 2022
0,Glastonbury 2022
0,Glastonbury 2022
0,Glastonbury 2022
0,Glastonbury 2022
0,Glastonbury 2022
0,Glastonbury 2022
0,Glastonbury 2022
0,Glastonbury 2022
0,Glastonbury 2022
0,Glastonbury 2022
0,Glastonbury 2022
0,Glastonbury 2022
0,Glastonbury 2022
0,Glastonbury 2022
0,Glastonbury 2022
0,Glastonbury 2022
0,Glastonbury 2022
0,Glastonbury 2022
0,Glastonbury 2022
0,Glastonbury 2022
0,Glastonbury 2022
0,Glastonbury 2022
0,Glastonbury 2022
0,Glastonbury 2022
0,Glastonbury 2022
0,Glastonbury 2022
0,Glastonbury 2022
0,Glastonbury 2022
0,Glastonbury 2022
0,Glastonbury 2022
0,Glastonbury 2022
0,Glastonbury 2022
0,Glastonbury 2022
0,Glastonbury 2022
0,Glastonbury 2022
0,Glastonbury 2022
0,Glastonbury 2022
0,Glastonbury 2022
0,Glastonbury 2022
0,Glastonbury 2022
0,Glastonbury 2022
0,Glastonbury 2022
0,Glastonbury 2022
0,Glastonbury 2022
0,Glastonbury 2022
0,Glastonbury 2022
0,Glastonbury 2022
0,Glastonbury 2022
0,Glastonbury 2022
0,Glastonbury 2022
0,Glastonbury 2022
0,Glastonbury 2022
0,Glastonbury 2022
0,Glastonbury 2022
0,Glastonbury 2022
0,Glastonbury 2022
0,Glastonbury 2022
0,Glastonbury 2022
0,Glastonbury 2022
0,Glastonbury 2022
0,Glastonbury 2022
0,Glastonbury 2022
0,Glastonbury 2022
0,Glastonbury 2022
0,Glastonbury 2022
0,Glastonbury 2022
0,Glastonbury 2022
0,Glastonbury 2022
0,Glastonbury 2022
0,Glastonbury 2022
0,Glastonbury 2022
0,Glastonbury 2022
0,Glastonbury 2022
0,Glastonbury 2022
0,Glastonbury 2022
0,Glastonbury 2022
0,Glastonbury 2022
0,Glastonbury 2022
0,Glastonbury 2022
0,Glastonbury 2022
0,Glastonbury 2022
0,Glastonbury 2022
0,Glastonbury 2022
0,Glastonbury 2022
0,Glastonbury 2022
0,Glastonbury 2022
0,Glastonbury 2022
0,Glastonbury 2022
0,Glastonbury 2022
0,Glastonbury 2022
0,Glastonbury 2022
0,Glastonbury 2022
0,Glastonbury 2022
0,Glastonbury 2022
0,Glastonbury 2022
0,Glastonbury 2022
0,Glastonbury 2022
0,Glastonbury 2022
0,Glastonbury 2022
0,Glastonbury 2022
0,Glastonbury 2022
0,Glastonbury 2022
0,Glastonbury 2022
0,Glastonbury 2022
0,Glastonbury 2022
0,Glastonbury 2022
0,Glastonbury 2022
0,Glastonbury 2022
0,Glastonbury 2022
0,Glastonbury 2022
0,Glastonbury 2022
0,Glastonbury 2022
0,Glastonbury 2022
0,Glastonbury 2022
0,Glastonbury 2022
0,Glastonbury 2022
0,Glastonbury 2022
0,Glastonbury 2022
0,Glastonbury 2022
0,Glastonbury 2022
0,Glastonbury 2022
0,Glastonbury 2022
0,Glastonbury 2022
0,Glastonbury 2022
0,Glastonbury 2022
0,Glastonbury 2022
0,Glastonbury 2022
0,Glastonbury 2022
0,Glastonbury 2022
0,Glastonbury 2022
0,Glastonbury 2022
0,Glastonbury 2022
0,Glastonbury 2022
0,Glastonbury 2022
0,Glastonbury 2022
0,Glastonbury 2022
0,Glastonbury 2022
0,Glastonbury 2022
0,Glastonbury 2022
0,Glastonbury 2022
0,Glastonbury 2022
0,Glastonbury 2022
0,Glastonbury 2022
0,Glastonbury 2022
0,Glastonbury 2022
0,Glastonbury 2022
0,Glastonbury 2022
0,Glastonbury 2022
0,Glastonbury 2022
0,Glastonbury 2022
0,Glastonbury 2022
0,Glastonbury 2022
0,Glastonbury 2022
0,Glastonbury 2022
0,Glastonbury 2022
0,Glastonbury 2022
0,Glastonbury 2022
0,Glastonbury 2022
0,Glastonbury 2022
0,Glastonbury 2022
0,Glastonbury 2022
0,Glastonbury 2022
0,Glastonbury 2022
0,Glastonbury 2022
0,Glastonbury 2022
0,Glastonbury 2022
0,Glastonbury 2022
0,Glastonbury 2022
0,Glastonbury 2022
0,Glastonbury 2022
0,Glastonbury 2022
0,Glastonbury 2022
0,Glastonbury 2022
0,Glastonbury 2022
0,Glastonbury 2022
0,Glastonbury 2022
0,Glastonbury 2022
0,Glastonbury 2022
0,Glastonbury 2022
0,Glastonbury 2022
0,Glastonbury 2022
0,Glastonbury 2022
0,Glastonbury 2022
0,Glastonbury 2022
0,Glastonbury 2022
0,Glastonbury 2022
0,Glastonbury 2022
0,Glastonbury 2022
0,Glastonbury 2022
0,Glastonbury 2022
0,Glastonbury 2022
0,Glastonbury 2022
0,Glastonbury 2022
0,Glastonbury 2022
0,Glastonbury 2022
0,Glastonbury 2022
0,Glastonbury 2022
0,Glastonbury 2022
0,Glastonbury 2022
0,Glastonbury 2022
0,Glastonbury 2022
0,Glastonbury 2022
0,Glastonbury 2022
0,Glastonbury 2022
0,Glastonbury 2022
0,Glastonbury 2022
0,Glastonbury 2022
0,Glastonbury 2022
0,Glastonbury 2022
0,Glastonbury 2022
0,Glastonbury 2022
0,Glastonbury 2022
0,Glastonbury 2022
0,Glastonbury 2022
0,Glastonbury 2022
0,Glastonbury 2022
0,Glastonbury 2022
0,Glastonbury 2022
0,Glastonbury 2022
0,Glastonbury 2022
0,Glastonbury 2022
0,Glastonbury 2022
0,Glastonbury 2022
0,Glastonbury 2022
0,Glastonbury 2022
0,Glastonbury 2022
0,Glastonbury 2022
0,Glastonbury 2022
0,Glastonbury 2022
0,Glastonbury 2022
0,Glastonbury 2022
0,Glastonbury 2022
0,Glastonbury 2022
0,Glastonbury 2022
0,Glastonbury 2022
0,Glastonbury 2022
0,Glastonbury 2022
0,Glastonbury 2022
0,Glastonbury 2022
0,Glastonbury 2022
0,Glastonbury 2022
0,Glastonbury 2022
0,Glastonbury 2022
0,Glastonbury 2022
0,Glastonbury 2022
0,Glastonbury 2022
0,Glastonbury 2022
0,Glastonbury 2022
0,Glastonbury 2022
0,Glastonbury 2022
0,Glastonbury 2022
0,Glastonbury 2022
0,Glastonbury 2022
0,Glastonbury 2022
0,Glastonbury 2022
0,Glastonbury 2022
0,Glastonbury 2022
0,Glastonbury 2022
0,Glastonbury 2022
0,Glastonbury 2022
0,Glastonbury 2022
0,Glastonbury 2022
0,Glastonbury 2022
0,Glastonbury 2022
0,Glastonbury 2022
0,Glastonbury 2022
0,Glastonbury 2022
0,Glastonbury 2022
0,Glastonbury 2022
0,Glastonbury 2022
0,Glastonbury 2022
0,Glastonbury 2022
0,Glastonbury 2022
0,Glastonbury 2022
0,Glastonbury 2022
0,Glastonbury 2022
0,Glastonbury 2022
0,Glastonbury 2022
0,Glastonbury 2022
0,Glastonbury 2022
0,Glastonbury 2022
0,Glastonbury 2022
0,Glastonbury 2022
0,Glastonbury 2022
0,Glastonbury 2022
0,Glastonbury 2022
0,Glastonbury 2022
0,Glastonbury 2022
0,Glastonbury 2022
0,Glastonbury 2022
0,Glastonbury 2022
0,Glastonbury 2022
0,Glastonbury 2022
0,Glastonbury 2022
0,Glastonbury 2022
0,Glastonbury 2022
0,Glastonbury 2022
0,Glastonbury 2022
0,Glastonbury 2022
0,Glastonbury 2022
0,Glastonbury 2022
0,Glastonbury 2022
0,Glastonbury 2022
0,Glastonbury 2022
0,Glastonbury 2022
0,Glastonbury 2022
0,Glastonbury 2022
0,Glastonbury 2022
0,Glastonbury 2022
0,Glastonbury 2022
0,Glastonbury 2022
0,Glastonbury 2022
0,Glastonbury 2022
0,Glastonbury 2022
0,Glastonbury 2022
0,Glastonbury 2022
0,Glastonbury 2022
0,Glastonbury 2022
0,Glastonbury 2022
0,Glastonbury 2022
0,Glastonbury 2022
0,Glastonbury 2022
0,Glastonbury 2022
0,Glastonbury 2022
0,Glastonbury 2022
0,Glastonbury 2022
1,Glastonbury 2022
0,Glastonbury 2022
0,Glastonbury 2022
0,Glastonbury 2022
0,Glastonbury 2022
0,Glastonbury 2022
0,Glastonbury 2022
0,Glastonbury 2022
0,Glastonbury 2022
0,Glastonbury 2022
0,Glastonbury 2022
0,Glastonbury 2022
0,Glastonbury 2022
0,Glastonbury 2022
0,Glastonbury 2022
0,Glastonbury 2022
0,Glastonbury 2022
0,Glastonbury 2022
0,Glastonbury 2022
0,Glastonbury 2022
0,Glastonbury 2022
0,Glastonbury 2022
0,Glastonbury 2022
0,Glastonbury 2022
0,Glastonbury 2022
0,Glastonbury 2022
0,Glastonbury 2022
0,Glastonbury 2022
0,Glastonbury 2022
0,Glastonbury 2022
0,Glastonbury 2022
0,Glastonbury 2022
0,Glastonbury 2022
0,Glastonbury 2022
0,Glastonbury 2022
0,Glastonbury 2022
0,Glastonbury 2022
0,Glastonbury 2022
0,Glastonbury 2022
0,Glastonbury 2022
0,Glastonbury 2022
0,Glastonbury 2022
0,Glastonbury 2022
0,Glastonbury 2022
0,Glastonbury 2022
0,Glastonbury 2022
0,Glastonbury 2022
0,Glastonbury 2022
1,Glastonbury 2022
0,Glastonbury 2022
0,Glastonbury 2022
0,Glastonbury 2022
0,Glastonbury 2022
0,Glastonbury 2022
0,Glastonbury 2022
0,Glastonbury 2022
0,Glastonbury 2022
0,Glastonbury 2022
0,Glastonbury 2022
0,Glastonbury 2022
0,Glastonbury 2022
0,Glastonbury 2022
0,Glastonbury 2022
0,Glastonbury 2022
0,Glastonbury 2022
0,Glastonbury 2022
0,Glastonbury 2022
0,Glastonbury 2022
0,Glastonbury 2022
0,Glastonbury 2022
0,Glastonbury 2022
0,Glastonbury 2022
0,Glastonbury 2022
0,Glastonbury 2022
0,Glastonbury 2022
0,Glastonbury 2022
0,Glastonbury 2022
0,Glastonbury 2022
0,Glastonbury 2022
0,Glastonbury 2022
0,Glastonbury 2022
0,Glastonbury 2022
0,Glastonbury 2022
0,Glastonbury 2022
0,Glastonbury 2022
0,Glastonbury 2022
0,Glastonbury 2022
0,Glastonbury 2022
0,Glastonbury 2022
0,Glastonbury 2022
0,Glastonbury 2022
0,Glastonbury 2022
1,Glastonbury 2022
0,Glastonbury 2022
0,Glastonbury 2022
0,Glastonbury 2022
0,Glastonbury 2022
0,Glastonbury 2022
0,Glastonbury 2022
0,Glastonbury 2022
0,Glastonbury 2022
0,Glastonbury 2022
0,Glastonbury 2022
0,Glastonbury 2022
0,Glastonbury 2022
0,Glastonbury 2022
0,Glastonbury 2022
0,Glastonbury 2022
0,Glastonbury 2022
0,Glastonbury 2022
0,Glastonbury 2022
0,Glastonbury 2022
0,Glastonbury 2022
0,Glastonbury 2022
0,Glastonbury 2022
0,Glastonbury 2022
0,Glastonbury 2022
0,Glastonbury 2022
0,Glastonbury 2022
0,Glastonbury 2022
0,Glastonbury 2022
0,Glastonbury 2022
0,Glastonbury 2022
0,Glastonbury 2022
0,Glastonbury 2022
0,Glastonbury 2022
0,Glastonbury 2022
0,Glastonbury 2022
0,Glastonbury 2022
0,Glastonbury 2022
0,Glastonbury 2022
0,Glastonbury 2022
0,Glastonbury 2022
0,Glastonbury 2022
0,Glastonbury 2022
0,Glastonbury 2022
0,Glastonbury 2022
0,Glastonbury 2022
0,Glastonbury 2022
0,Glastonbury 2022
0,Glastonbury 2022
0,Glastonbury 2022
0,Glastonbury 2022
0,Glastonbury 2022
0,Glastonbury 2022
0,Glastonbury 2022
0,Glastonbury 2022
0,Glastonbury 2022
0,Glastonbury 2022
0,Glastonbury 2022
0,Glastonbury 2022
0,Glastonbury 2022
0,Glastonbury 2022
0,Glastonbury 2022
0,Glastonbury 2022
0,Glastonbury 2022
0,Glastonbury 2022
0,Glastonbury 2022
0,Glastonbury 2022
0,Glastonbury 2022
0,Glastonbury 2022
0,Glastonbury 2022
0,Glastonbury 2022
0,Glastonbury 2022
0,Glastonbury 2022
0,Glastonbury 2022
0,Glastonbury 2022
0,Glastonbury 2022
0,Glastonbury 2022
0,Glastonbury 2022
0,Glastonbury 2022
0,Glastonbury 2022
0,Glastonbury 2022
0,Glastonbury 2022
0,Glastonbury 2022
0,Glastonbury 2022
0,Glastonbury 2022
0,Glastonbury 2022
0,Glastonbury 2022
0,Glastonbury 2022
0,Glastonbury 2022
0,Glastonbury 2022
0,Glastonbury 2022
0,Glastonbury 2022
0,Glastonbury 2022
0,Glastonbury 2022
0,Glastonbury 2022
0,Glastonbury 2022
0,Glastonbury 2022
0,Glastonbury 2022
0,Glastonbury 2022
0,Glastonbury 2022
0,Glastonbury 2022
0,Glastonbury 2022
0,Glastonbury 2022
0,Glastonbury 2022
0,Glastonbury 2022
0,Glastonbury 2022
0,Glastonbury 2022
0,Glastonbury 2022
0,Glastonbury 2022
0,Glastonbury 2022
0,Glastonbury 2022
0,Glastonbury 2022
0,Glastonbury 2022
0,Glastonbury 2022
0,Glastonbury 2022
0,Glastonbury 2022
0,Glastonbury 2022
0,Glastonbury 2022
0,Glastonbury 2022
0,Glastonbury 2022
0,Glastonbury 2022
0,Glastonbury 2022
0,Glastonbury 2022
0,Glastonbury 2022
0,Glastonbury 2022
0,Glastonbury 2022
0,Glastonbury 2022
0,Glastonbury 2022
0,Glastonbury 2022
0,Glastonbury 2022
0,Glastonbury 2022
0,Glastonbury 2022
0,Glastonbury 2022
0,Glastonbury 2022
0,Glastonbury 2022
0,Glastonbury 2022
0,Glastonbury 2022
0,Glastonbury 2022
0,Glastonbury 2022
0,Glastonbury 2022
0,Glastonbury 2022
0,Glastonbury 2022
0,Glastonbury 2022
0,Glastonbury 2022
0,Glastonbury 2022
0,Glastonbury 2022
0,Glastonbury 2022
0,Glastonbury 2022
0,Glastonbury 2022
0,Glastonbury 2022
0,Glastonbury 2022
0,Glastonbury 2022
0,Glastonbury 2022
0,Glastonbury 2022
1,Glastonbury 2022
0,Glastonbury 2022
0,Glastonbury 2022
0,Glastonbury 2022
0,Glastonbury 2022
0,Glastonbury 2022
0,Glastonbury 2022
0,Glastonbury 2022
0,Glastonbury 2022
0,Glastonbury 2022
0,Glastonbury 2022
0,Glastonbury 2022
0,Glastonbury 2022
0,Glastonbury 2022
0,Glastonbury 2022
0,Glastonbury 2022
0,Glastonbury 2022
0,Glastonbury 2022
0,Glastonbury 2022
0,Glastonbury 2022
0,Glastonbury 2022
0,Glastonbury 2022
0,Glastonbury 2022
0,Glastonbury 2022
0,Glastonbury 2022
0,Glastonbury 2022
0,Glastonbury 2022
0,Glastonbury 2022
0,Glastonbury 2022
0,Glastonbury 2022
0,Glastonbury 2022
0,Glastonbury 2022
0,Glastonbury 2022
0,Glastonbury 2022
0,Glastonbury 2022
0,Glastonbury 2022
0,Glastonbury 2022
0,Glastonbury 2022
0,Glastonbury 2022
0,Glastonbury 2022
0,Glastonbury 2022
0,Glastonbury 2022
0,Glastonbury 2022
0,Glastonbury 2022
0,Glastonbury 2022
0,Glastonbury 2022
0,Glastonbury 2022
0,Glastonbury 2022
0,Glastonbury 2022
0,Glastonbury 2022
0,Glastonbury 2022
0,Glastonbury 2022
0,Glastonbury 2022
0,Glastonbury 2022
0,Glastonbury 2022
0,Glastonbury 2022
0,Glastonbury 2022
0,Glastonbury 2022
0,Glastonbury 2022
0,Glastonbury 2022
0,Glastonbury 2022
0,Glastonbury 2022
0,Glastonbury 2022
0,Glastonbury 2022
0,Glastonbury 2022
0,Glastonbury 2022
0,Glastonbury 2022
0,Glastonbury 2022
0,Glastonbury 2022
0,Glastonbury 2022
0,Glastonbury 2022
0,Glastonbury 2022
0,Glastonbury 2022
0,Glastonbury 2022
0,Glastonbury 2022
0,Glastonbury 2022
0,Glastonbury 2022
0,Glastonbury 2022
0,Glastonbury 2022
0,Glastonbury 2022
0,Glastonbury 2022
0,Glastonbury 2022
0,Glastonbury 2022
0,Glastonbury 2022
0,Glastonbury 2022
0,Glastonbury 2022
0,Glastonbury 2022
0,Glastonbury 2022
0,Glastonbury 2022
0,Glastonbury 2022
0,Glastonbury 2022
0,Glastonbury 2022
0,Glastonbury 2022
0,Glastonbury 2022
0,Glastonbury 2022
0,Glastonbury 2022
0,Glastonbury 2022
0,Glastonbury 2022
0,Glastonbury 2022
0,Glastonbury 2022
0,Glastonbury 2022
0,Glastonbury 2022
0,Glastonbury 2022
0,Glastonbury 2022
0,Glastonbury 2022
0,Glastonbury 2022
0,Glastonbury 2022
0,Glastonbury 2022
0,Glastonbury 2022
0,Glastonbury 2022
0,Glastonbury 2022
0,Glastonbury 2022
0,Glastonbury 2022
0,Glastonbury 2022
0,Glastonbury 2022
0,Glastonbury 2022
0,Glastonbury 2022
0,Glastonbury 2022
0,Glastonbury 2022
0,Glastonbury 2022
0,Glastonbury 2022
0,Glastonbury 2022
0,Glastonbury 2022
0,Glastonbury 2022
0,Glastonbury 2022
0,Glastonbury 2022
0,Glastonbury 2022
0,Glastonbury 2022
1,Glastonbury 2022
0,Glastonbury 2022
0,Glastonbury 2022
0,Glastonbury 2022
0,Glastonbury 2022
0,Glastonbury 2022
0,Glastonbury 2022
0,Glastonbury 2022
0,Glastonbury 2022
0,Glastonbury 2022
0,Glastonbury 2022
0,Glastonbury 2022
0,Glastonbury 2022
0,Glastonbury 2022
0,Glastonbury 2022
0,Glastonbury 2022
0,Glastonbury 2022
0,Glastonbury 2022
0,Glastonbury 2022
0,Glastonbury 2022
0,Glastonbury 2022
0,Glastonbury 2022
0,Glastonbury 2022
0,Glastonbury 2022
0,Glastonbury 2022
0,Glastonbury 2022
0,Glastonbury 2022
0,Glastonbury 2022
0,Glastonbury 2022
0,Glastonbury 2022
0,Glastonbury 2022
0,Glastonbury 2022
0,Glastonbury 2022
0,Glastonbury 2022
0,Glastonbury 2022
0,Glastonbury 2022
0,Glastonbury 2022
0,Glastonbury 2022
0,Glastonbury 2022
0,Glastonbury 2022
0,Glastonbury 2022
0,Glastonbury 2022
0,Glastonbury 2022
0,Glastonbury 2022
0,Glastonbury 2022
0,Glastonbury 2022
0,Glastonbury 2022
0,Glastonbury 2022
0,Glastonbury 2022
0,Glastonbury 2022
0,Glastonbury 2022
0,Glastonbury 2022
0,Glastonbury 2022
0,Glastonbury 2022
0,Glastonbury 2022
0,Glastonbury 2022
0,Glastonbury 2022
0,Glastonbury 2022
1,Glastonbury 2022
0,Glastonbury 2022
0,Glastonbury 2022
0,Glastonbury 2022
0,Glastonbury 2022
0,Glastonbury 2022
0,Glastonbury 2022
0,Glastonbury 2022
0,Glastonbury 2022
0,Glastonbury 2022
0,Glastonbury 2022
0,Glastonbury 2022
0,Glastonbury 2022
0,Glastonbury 2022
0,Glastonbury 2022
0,Glastonbury 2022
0,Glastonbury 2022
0,Glastonbury 2022
0,Glastonbury 2022
0,Glastonbury 2022
0,Glastonbury 2022
0,Glastonbury 2022
0,Glastonbury 2022
0,Glastonbury 2022
0,Glastonbury 2022
0,Glastonbury 2022
0,Glastonbury 2022
0,Glastonbury 2022
0,Glastonbury 2022
0,Glastonbury 2022
0,Glastonbury 2022
0,Glastonbury 2022
0,Glastonbury 2022
0,Glastonbury 2022
0,Glastonbury 2022
0,Glastonbury 2022
0,Glastonbury 2022
0,Glastonbury 2022
0,Glastonbury 2022
0,Glastonbury 2022
0,Glastonbury 2022
0,Glastonbury 2022
0,Glastonbury 2022
0,Glastonbury 2022
0,Glastonbury 2022
0,Glastonbury 2022
0,Glastonbury 2022
0,Glastonbury 2022
0,Glastonbury 2022
0,Glastonbury 2022
0,Glastonbury 2022
0,Glastonbury 2022
0,Glastonbury 2022
0,Glastonbury 2022
0,Glastonbury 2022
0,Glastonbury 2022
0,Glastonbury 2022
0,Glastonbury 2022
0,Glastonbury 2022
0,Glastonbury 2022
0,Glastonbury 2022
0,Glastonbury 2022
0,Glastonbury 2022
0,Glastonbury 2022
0,Glastonbury 2022
0,Glastonbury 2022
0,Glastonbury 2022
0,Glastonbury 2022
0,Glastonbury 2022
0,Glastonbury 2022
0,Glastonbury 2022
0,Glastonbury 2022
0,Glastonbury 2022
0,Glastonbury 2022
0,Glastonbury 2022
0,Glastonbury 2022
0,Glastonbury 2022
0,Glastonbury 2022
0,Glastonbury 2022
0,Glastonbury 2022
0,Glastonbury 2022
0,Glastonbury 2022
0,Glastonbury 2022
0,Glastonbury 2022
0,Glastonbury 2022
0,Glastonbury 2022
0,Glastonbury 2022
0,Glastonbury 2022
0,Glastonbury 2022
0,Glastonbury 2022
0,Glastonbury 2022
0,Glastonbury 2022
0,Glastonbury 2022
0,Glastonbury 2022
0,Glastonbury 2022
0,Glastonbury 2022
0,Glastonbury 2022
0,Glastonbury 2022
0,Glastonbury 2022
0,Glastonbury 2022
0,Glastonbury 2022
0,Glastonbury 2022
0,Glastonbury 2022
0,Glastonbury 2022
0,Glastonbury 2022
0,Glastonbury 2022
0,Glastonbury 2022
0,Glastonbury 2022
0,Glastonbury 2022
0,Glastonbury 2022
0,Glastonbury 2022
0,Glastonbury 2022
0,Glastonbury 2022
0,Glastonbury 2022
0,Glastonbury 2022
0,Glastonbury 2022
0,Glastonbury 2022
0,Glastonbury 2022
0,Glastonbury 2022
0,Glastonbury 2022
0,Glastonbury 2022
0,Glastonbury 2022
0,Glastonbury 2022
0,Glastonbury 2022
0,Glastonbury 2022
0,Glastonbury 2022
0,Glastonbury 2022
0,Glastonbury 2022
0,Glastonbury 2022
0,Glastonbury 2022
0,Glastonbury 2022
0,Glastonbury 2022
0,Glastonbury 2022
0,Glastonbury 2022
0,Glastonbury 2022
0,Glastonbury 2022
0,Glastonbury 2022
0,Glastonbury 2022
0,Glastonbury 2022
0,Glastonbury 2022
0,Glastonbury 2022
0,Glastonbury 2022
0,Glastonbury 2022
0,Glastonbury 2022
0,Glastonbury 2022
0,Glastonbury 2022
0,Glastonbury 2022
0,Glastonbury 2022
0,Glastonbury 2022
1,Glastonbury 2022
0,Glastonbury 2022
0,Glastonbury 2022
0,Glastonbury 2022
0,Glastonbury 2022
0,Glastonbury 2022
0,Glastonbury 2022
0,Glastonbury 2022
0,Glastonbury 2022
0,Glastonbury 2022
0,Glastonbury 2022
0,Glastonbury 2022
0,Glastonbury 2022
0,Glastonbury 2022
0,Glastonbury 2022
0,Glastonbury 2022
0,Glastonbury 2022
0,Glastonbury 2022
0,Glastonbury 2022
0,Glastonbury 2022
0,Glastonbury 2022
0,Glastonbury 2022
0,Glastonbury 2022
0,Glastonbury 2022
0,Glastonbury 2022
0,Glastonbury 2022
0,Glastonbury 2022
0,Glastonbury 2022
0,Glastonbury 2022
0,Glastonbury 2022
0,Glastonbury 2022
0,Glastonbury 2022
0,Glastonbury 2022
0,Glastonbury 2022
0,Glastonbury 2022
0,Glastonbury 2022
0,Glastonbury 2022
0,Glastonbury 2022
0,Glastonbury 2022
0,Glastonbury 2022
0,Glastonbury 2022
0,Glastonbury 2022
0,Glastonbury 2022
0,Glastonbury 2022
0,Glastonbury 2022
0,Glastonbury 2022
0,Glastonbury 2022
0,Glastonbury 2022
0,Glastonbury 2022
0,Glastonbury 2022
0,Glastonbury 2022
0,Glastonbury 2022
0,Glastonbury 2022
0,Glastonbury 2022
0,Glastonbury 2022
0,Glastonbury 2022
0,Glastonbury 2022
0,Glastonbury 2022
0,Glastonbury 2022
0,Glastonbury 2022
0,Glastonbury 2022
0,Glastonbury 2022
0,Glastonbury 2022
0,Glastonbury 2022
0,Glastonbury 2022
0,Glastonbury 2022
0,Glastonbury 2022
0,Glastonbury 2022
0,Glastonbury 2022
0,Glastonbury 2022
0,Glastonbury 2022
0,Glastonbury 2022
0,Glastonbury 2022
0,Glastonbury 2022
0,Glastonbury 2022
0,Glastonbury 2022
0,Glastonbury 2022
0,Glastonbury 2022
0,Glastonbury 2022
0,Glastonbury 2022
0,Glastonbury 2022
0,Glastonbury 2022
0,Glastonbury 2022
0,Glastonbury 2022
0,Glastonbury 2022
0,Glastonbury 2022
0,Glastonbury 2022
0,Glastonbury 2022
0,Glastonbury 2022
0,Glastonbury 2022
0,Glastonbury 2022
0,Glastonbury 2022
0,Glastonbury 2022
0,Glastonbury 2022
0,Glastonbury 2022
0,Glastonbury 2022
0,Glastonbury 2022
0,Glastonbury 2022
0,Glastonbury 2022
0,Glastonbury 2022
0,Glastonbury 2022
0,Glastonbury 2022
0,Glastonbury 2022
0,Glastonbury 2022
0,Glastonbury 2022
0,Glastonbury 2022
0,Glastonbury 2022
0,Glastonbury 2022
0,Glastonbury 2022
0,Glastonbury 2022
0,Glastonbury 2022
0,Glastonbury 2022
0,Glastonbury 2022
0,Glastonbury 2022
0,Glastonbury 2022
0,Glastonbury 2022
0,Glastonbury 2022
0,Glastonbury 2022
0,Glastonbury 2022
0,Glastonbury 2022
0,Glastonbury 2022
0,Glastonbury 2022
0,Glastonbury 2022
0,Glastonbury 2022
0,Glastonbury 2022
0,Glastonbury 2022
0,Glastonbury 2022
0,Glastonbury 2022
0,Glastonbury 2022
0,Glastonbury 2022
0,Glastonbury 2022
0,Glastonbury 2022
0,Glastonbury 2022
0,Glastonbury 2022
0,Glastonbury 2022
0,Glastonbury 2022
0,Glastonbury 2022
0,Glastonbury 2022
0,Glastonbury 2022
0,Glastonbury 2022
0,Glastonbury 2022
0,Glastonbury 2022
0,Glastonbury 2022
0,Glastonbury 2022
0,Glastonbury 2022
0,Glastonbury 2022
0,Glastonbury 2022
0,Glastonbury 2022
0,Glastonbury 2022
0,Glastonbury 2022
0,Glastonbury 2022
0,Glastonbury 2022
0,Glastonbury 2022
0,Glastonbury 2022
0,Glastonbury 2022
0,Glastonbury 2022
0,Glastonbury 2022
0,Glastonbury 2022
0,Glastonbury 2022
0,Glastonbury 2022
0,Glastonbury 2022
0,Glastonbury 2022
0,Glastonbury 2022
0,Glastonbury 2022
0,Glastonbury 2022
0,Glastonbury 2022
0,Glastonbury 2022
0,Glastonbury 2022
0,Glastonbury 2022
0,Glastonbury 2022
0,Glastonbury 2022
0,Glastonbury 2022
0,Glastonbury 2022
0,Glastonbury 2022
0,Glastonbury 2022
0,Glastonbury 2022
0,Glastonbury 2022
0,Glastonbury 2022
0,Glastonbury 2022
0,Glastonbury 2022
0,Glastonbury 2022
0,Glastonbury 2022
0,Glastonbury 2022
0,Glastonbury 2022
0,Glastonbury 2022
0,Glastonbury 2022
0,Glastonbury 2022
0,Glastonbury 2022
0,Glastonbury 2022
0,Glastonbury 2022
0,Glastonbury 2022
0,Glastonbury 2022
0,Glastonbury 2022
0,Glastonbury 2022
0,Glastonbury 2022
0,Glastonbury 2022
0,Glastonbury 2022
0,Glastonbury 2022
0,Glastonbury 2022
0,Glastonbury 2022
0,Glastonbury 2022
0,Glastonbury 2022
0,Glastonbury 2022
0,Glastonbury 2022
0,Glastonbury 2022
0,Glastonbury 2022
0,Glastonbury 2022
0,Glastonbury 2022
0,Glastonbury 2022
0,Glastonbury 2022
0,Glastonbury 2022
0,Glastonbury 2022
0,Glastonbury 2022
0,Glastonbury 2022
0,Glastonbury 2022
0,Glastonbury 2022
0,Glastonbury 2022
0,Glastonbury 2022
0,Glastonbury 2022
0,Glastonbury 2022
1,Glastonbury 2022
0,Glastonbury 2022
0,Glastonbury 2022
0,Glastonbury 2022
0,Glastonbury 2022
0,Glastonbury 2022
0,Glastonbury 2022
0,Glastonbury 2022
0,Glastonbury 2022
0,Glastonbury 2022
0,Glastonbury 2022
0,Glastonbury 2022
0,Glastonbury 2022
0,Glastonbury 2022
0,Glastonbury 2022
0,Glastonbury 2022
0,Glastonbury 2022
0,Glastonbury 2022
0,Glastonbury 2022
0,Glastonbury 2022
0,Glastonbury 2022
0,Glastonbury 2022
0,Glastonbury 2022
0,Glastonbury 2022
0,Glastonbury 2022
0,Glastonbury 2022
0,Glastonbury 2022
0,Glastonbury 2022
0,Glastonbury 2022
0,Glastonbury 2022
0,Glastonbury 2022
0,Glastonbury 2022
0,Glastonbury 2022
0,Glastonbury 2022
0,Glastonbury 2022
0,Glastonbury 2022
0,Glastonbury 2022
0,Glastonbury 2022
0,Glastonbury 2022
0,Glastonbury 2022
0,Glastonbury 2022
0,Glastonbury 2022
0,Glastonbury 2022
0,Glastonbury 2022
0,Glastonbury 2022
0,Glastonbury 2022
0,Glastonbury 2022
0,Glastonbury 2022
0,Glastonbury 2022
0,Glastonbury 2022
0,Glastonbury 2022
0,Glastonbury 2022
0,Glastonbury 2022
0,Glastonbury 2022
0,Glastonbury 2022
0,Glastonbury 2022
0,Glastonbury 2022
0,Glastonbury 2022
0,Glastonbury 2022
0,Glastonbury 2022
0,Glastonbury 2022
0,Glastonbury 2022
0,Glastonbury 2022
0,Glastonbury 2022
0,Glastonbury 2022
0,Glastonbury 2022
0,Glastonbury 2022
0,Glastonbury 2022
0,Glastonbury 2022
0,Glastonbury 2022
0,Glastonbury 2022
0,Glastonbury 2022
0,Glastonbury 2022
0,Glastonbury 2022
0,Glastonbury 2022
0,Glastonbury 2022
0,Glastonbury 2022
0,Glastonbury 2022
0,Glastonbury 2022
0,Glastonbury 2022
0,Glastonbury 2022
0,Glastonbury 2022
0,Glastonbury 2022
0,Glastonbury 2022
0,Glastonbury 2022
0,Glastonbury 2022
0,Glastonbury 2022
0,Glastonbury 2022
0,Glastonbury 2022
0,Glastonbury 2022
0,Glastonbury 2022
0,Glastonbury 2022
0,Glastonbury 2022
0,Glastonbury 2022
0,Glastonbury 2022
0,Glastonbury 2022
0,Glastonbury 2022
0,Glastonbury 2022
0,Glastonbury 2022
0,Glastonbury 2022
0,Glastonbury 2022
0,Glastonbury 2022
0,Glastonbury 2022
0,Glastonbury 2022
0,Glastonbury 2022
0,Glastonbury 2022
0,Glastonbury 2022
0,Glastonbury 2022
0,Glastonbury 2022
0,Glastonbury 2022
0,Glastonbury 2022
0,Glastonbury 2022
0,Glastonbury 2022
0,Glastonbury 2022
0,Glastonbury 2022
0,Glastonbury 2022
0,Glastonbury 2022
0,Glastonbury 2022
0,Glastonbury 2022
0,Glastonbury 2022
0,Glastonbury 2022
0,Glastonbury 2022
0,Glastonbury 2022
0,Glastonbury 2022
0,Glastonbury 2022
0,Glastonbury 2022
0,Glastonbury 2022
0,Glastonbury 2022
0,Glastonbury 2022
0,Glastonbury 2022
0,Glastonbury 2022
0,Glastonbury 2022
0,Glastonbury 2022
0,Glastonbury 2022
0,Glastonbury 2022
0,Glastonbury 2022
0,Glastonbury 2022
0,Glastonbury 2022
0,Glastonbury 2022
0,Glastonbury 2022
0,Glastonbury 2022
0,Glastonbury 2022
0,Glastonbury 2022
0,Glastonbury 2022
0,Glastonbury 2022
0,Glastonbury 2022
0,Glastonbury 2022
0,Glastonbury 2022
0,Glastonbury 2022
0,Glastonbury 2022
0,Glastonbury 2022
0,Glastonbury 2022
0,Glastonbury 2022
0,Glastonbury 2022
0,Glastonbury 2022
0,Glastonbury 2022
0,Glastonbury 2022
0,Glastonbury 2022
0,Glastonbury 2022
0,Glastonbury 2022
0,Glastonbury 2022
0,Glastonbury 2022
0,Glastonbury 2022
0,Glastonbury 2022
0,Glastonbury 2022
0,Glastonbury 2022
0,Glastonbury 2022
0,Glastonbury 2022
0,Glastonbury 2022
0,Glastonbury 2022
0,Glastonbury 2022
0,Glastonbury 2022
0,Glastonbury 2022
0,Glastonbury 2022
0,Glastonbury 2022
0,Glastonbury 2022
0,Glastonbury 2022
0,Glastonbury 2022
0,Glastonbury 2022
0,Glastonbury 2022
0,Glastonbury 2022
0,Glastonbury 2022
0,Glastonbury 2022
0,Glastonbury 2022
0,Glastonbury 2022
0,Glastonbury 2022
0,Glastonbury 2022
0,Glastonbury 2022
0,Glastonbury 2022
0,Glastonbury 2022
0,Glastonbury 2022
0,Glastonbury 2022
0,Glastonbury 2022
0,Glastonbury 2022
0,Glastonbury 2022
0,Glastonbury 2022
0,Glastonbury 2022
0,Glastonbury 2022
0,Glastonbury 2022
0,Glastonbury 2022
0,Glastonbury 2022
0,Glastonbury 2022
0,Glastonbury 2022
0,Glastonbury 2022
0,Glastonbury 2022
0,Glastonbury 2022
0,Glastonbury 2022
0,Glastonbury 2022
0,Glastonbury 2022
0,Glastonbury 2022
0,Glastonbury 2022
0,Glastonbury 2022
0,Glastonbury 2022
0,Glastonbury 2022
0,Glastonbury 2022
0,Glastonbury 2022
0,Glastonbury 2022
0,Glastonbury 2022
0,Glastonbury 2022
0,Glastonbury 2022
0,Glastonbury 2022
0,Glastonbury 2022
0,Glastonbury 2022
0,Glastonbury 2022
0,Glastonbury 2022
0,Glastonbury 2022
0,Glastonbury 2022
0,Glastonbury 2022
0,Glastonbury 2022
0,Glastonbury 2022
0,Glastonbury 2022
0,Glastonbury 2022
0,Glastonbury 2022
0,Glastonbury 2022
0,Glastonbury 2022
0,Glastonbury 2022
0,Glastonbury 2022
0,Glastonbury 2022
0,Glastonbury 2022
0,Glastonbury 2022
0,Glastonbury 2022
0,Glastonbury 2022
0,Glastonbury 2022
0,Glastonbury 2022
0,Glastonbury 2022
0,Glastonbury 2022
0,Glastonbury 2022
0,Glastonbury 2022
0,Glastonbury 2022
0,Glastonbury 2022
0,Glastonbury 2022
0,Glastonbury 2022
0,Glastonbury 2022
0,Glastonbury 2022
0,Glastonbury 2022
0,Glastonbury 2022
0,Glastonbury 2022
0,Glastonbury 2022
0,Glastonbury 2022
0,Glastonbury 2022
0,Glastonbury 2022
0,Glastonbury 2022
0,Glastonbury 2022
0,Glastonbury 2022
0,Glastonbury 2022
0,Glastonbury 2022
0,Glastonbury 2022
0,Glastonbury 2022
0,Glastonbury 2022
0,Glastonbury 2022
0,Glastonbury 2022
0,Glastonbury 2022
0,Glastonbury 2022
0,Glastonbury 2022